city,place_name,hours,priority

Agra,Taj Mahal,3
Agra,Agra Fort,2
Agra,Mehtab Bagh,2
Agra,Fatehpur Sikri,4
Agra,Itmad-ud-Daulah,2
Agra,Akbar Tomb,2
Agra,Chini Ka Rauza,1
Agra,Jama Masjid Agra,1
Agra,Wildlife SOS,3
Agra,Anguri Bagh,1
Agra,Shah Burj,1
Agra,Khas Mahal,1
Agra,Diwan-i-Khas,1
Agra,Diwan-i-Aam,1
Agra,Musamman Burj,1
Agra,Ram Bagh,2
Agra,Soami Bagh,2
Agra,Gurudwara Guru Ka Taal,1
Agra,Kalakriti Cultural Centre,2
Agra,Subhash Emporium,1
Agra,Mariam's Tomb,2
Agra,Sur Sarovar Bird Sanctuary,3
Agra,Keetham Lake,2
Agra,Shri Mankameshwar Temple,1
Agra,Rawli Temple,1
Agra,Bateshwar Temples,4
Agra,Dayal Bagh Temple,2
Agra,Guru Ka Taal,1
Agra,Soami Bagh Samadhi,2
Agra,Taj Nature Walk,2
Agra,Mughal Heritage Walk,3
Agra,Gyarah Sidi,1
Agra,Angoori Bagh Garden Area,1
Agra,Aram Bagh,2
Agra,Moti Masjid Agra Fort,1
Agra,Nagina Masjid,1
Agra,Sheesh Mahal Agra,1
Agra,Shah Jahan Garden,2
Agra,Meena Bazaar Agra,2
Agra,Sadar Bazaar,2
Agra,Raja Ki Mandi Market,2
Agra,Subhash Bazaar,2
Agra,TDI Mall Agra,2
Agra,Pacific Mall Agra,2
Agra,Agra Marble Emporium,2
Agra,Kalakriti Dance Show,2
Agra,Light and Sound Show Agra Fort,2
Agra,Taj Museum,1
Agra,Spiritual Museum Agra,1
Agra,Agra Bear Rescue Facility,3
Agra,Dolphin Water Park,3
Agra,Dr Bhimrao Ambedkar Park Agra,2
Agra,Company Garden Agra,2
Agra,Paliwal Park,2
Agra,Ram Bagh Garden Area,2
Agra,Govardhan Temple Agra,1
Agra,Balkeshwar Temple,1
Agra,Shri Kailash Temple,2
Agra,Renuka Dham Temple,2
Agra,Chhatri of Raja Jaswant Singh,1
Agra,Chini Ka Rauza Garden Area,1
Agra,Agra Cantonment Area Walk,2
Agra,Yamuna Riverfront Walk,2
Agra,Boat Ride Yamuna River,2
Agra,Taj Ganj Market,2
Agra,Fatehabad Road Market,2
Agra,Kinari Bazaar,2
Agra,Shilpgram Agra,2
Agra,Agra Art Gallery,2
Agra,Crafts Museum Agra,2
Agra,Street Food Tour Agra,3
Agra,Mughlai Food Trail,3
Agra,Taj View Point,1
Agra,Sunset Point Mehtab Side,1
Agra,Photography Tour Taj Area,2
Agra,Local Handicraft Workshop,2
Agra,Pottery Workshop Agra,2
Agra,Mini Taj Replica Workshop,1
Agra,Heritage Cycling Tour,3
Agra,Agra Fort Outer Walk,2
Agra,Old Agra City Walk,3
Agra,Agra Spice Market,2
Agra,Temple Trail Agra,3
Agra,Historical Mosques Tour,3
Agra,Riverfront Garden Walk,2
Agra,Cultural Folk Performance Agra,2
Agra,Night Market Agra,2
Agra,Local Cafe Exploration,2
Agra,Traditional Sweet Shops Tour,2
Agra,Handloom Market Visit,2
Agra,Agra Fort Sunset View,1
Agra,Taj Sunrise View,2

Ahmedabad,Sabarmati Ashram,2
Ahmedabad,Adalaj Stepwell,2
Ahmedabad,Akshardham Temple Gandhinagar,3
Ahmedabad,Kankaria Lake,3
Ahmedabad,Manek Chowk,2
Ahmedabad,Jama Masjid Ahmedabad,1
Ahmedabad,Sidi Saiyyed Mosque,1
Ahmedabad,Calico Museum of Textiles,2
Ahmedabad,Law Garden Market,2
Ahmedabad,Sarkhej Roza,2
Ahmedabad,Auto World Vintage Car Museum,2
Ahmedabad,Hutheesing Jain Temple,1
Ahmedabad,Science City Ahmedabad,3
Ahmedabad,Riverfront Sabarmati,2
Ahmedabad,Teen Darwaza,1
Ahmedabad,Bhadra Fort,2
Ahmedabad,Dada Hari Stepwell,2
Ahmedabad,Vastrapur Lake,2
Ahmedabad,Gujarat Science City,3
Ahmedabad,Shreyas Folk Museum,2
Ahmedabad,ISKCON Temple Ahmedabad,1
Ahmedabad,Swaminarayan Temple Kalupur,2
Ahmedabad,Thol Lake Bird Sanctuary,3
Ahmedabad,Nal Sarovar Bird Sanctuary,4
Ahmedabad,Alpha One Mall,2
Ahmedabad,CG Road Shopping,2
Ahmedabad,Local Street Food Tour,3
Ahmedabad,Heritage Walk Ahmedabad,3
Ahmedabad,Handicraft Market Visit,2
Ahmedabad,Local Cafe Exploration,2

Amritsar,Golden Temple,3
Amritsar,Jallianwala Bagh,2
Amritsar,Wagah Border,3
Amritsar,Durgiana Temple,2
Amritsar,Rambagh Gardens,2
Amritsar,Maharaja Ranjit Singh Museum,2
Amritsar,Akal Takht,1
Amritsar,Tarn Taran Sahib,3
Amritsar,Gobindgarh Fort,3
Amritsar,Hall Bazaar,2
Amritsar,Katra Jaimal Singh Market,2
Amritsar,Company Bagh,2
Amritsar,Khalsa College,1
Amritsar,Central Sikh Museum,2
Amritsar,Partition Museum,2
Amritsar,Heritage Walk Amritsar,3
Amritsar,Local Food Tour,3
Amritsar,Street Food Market,2
Amritsar,Local Cafe Exploration,2
Amritsar,Night Market Amritsar,2

Bangalore,Lalbagh Botanical Garden,3
Bangalore,Cubbon Park,2
Bangalore,Bangalore Palace,2
Bangalore,ISKCON Temple Bangalore,2
Bangalore,Vidhana Soudha,1
Bangalore,Tipu Sultan Summer Palace,2
Bangalore,Bannerghatta National Park,4
Bangalore,UB City Mall,2
Bangalore,MG Road,2
Bangalore,Commercial Street,2
Bangalore,Orion Mall,2
Bangalore,Wonderla Amusement Park,4
Bangalore,Nandi Hills,4
Bangalore,Ulsoor Lake,2
Bangalore,Jawaharlal Nehru Planetarium,2
Bangalore,HAL Aerospace Museum,2
Bangalore,Bull Temple,1
Bangalore,Gavi Gangadhareshwara Temple,1
Bangalore,Innovative Film City,4
Bangalore,Local Cafe Exploration,2

Bhopal,Upper Lake,3
Bhopal,Van Vihar National Park,3
Bhopal,Sanchi Stupa,4
Bhopal,Bhimbetka Caves,4
Bhopal,State Museum Bhopal,2
Bhopal,Tribal Museum,2
Bhopal,Taj-ul-Masajid,2
Bhopal,Gohar Mahal,2
Bhopal,Shaukat Mahal,1
Bhopal,Lower Lake,2
Bhopal,Indira Gandhi Rashtriya Manav Sangrahalaya,3
Bhopal,Birla Temple Bhopal,1
Bhopal,Regional Science Centre,2
Bhopal,People’s Mall,2
Bhopal,Local Market Bhopal,2

Bhubaneswar,Lingaraj Temple,2
Bhubaneswar,Mukteshwar Temple,1
Bhubaneswar,Rajarani Temple,1
Bhubaneswar,Udayagiri Caves,3
Bhubaneswar,Khandagiri Caves,3
Bhubaneswar,Nandankanan Zoo,4
Bhubaneswar,Odisha State Museum,2
Bhubaneswar,Bindu Sagar Lake,2
Bhubaneswar,Dhauli Hills,2
Bhubaneswar,ISKCON Temple Bhubaneswar,1
Bhubaneswar,Ekamra Kanan Botanical Garden,2
Bhubaneswar,Local Market Bhubaneswar,2

Chandigarh,Rock Garden,3
Chandigarh,Sukhna Lake,2
Chandigarh,Rose Garden,2
Chandigarh,Capitol Complex,2
Chandigarh,Elante Mall,2
Chandigarh,Garden of Fragrance,2
Chandigarh,Leisure Valley,2
Chandigarh,Bird Sanctuary Chandigarh,2
Chandigarh,Japanese Garden,2
Chandigarh,Local Market Chandigarh,2

Chennai,Marina Beach,3
Chennai,Kapaleeshwarar Temple,2
Chennai,Fort St George,2
Chennai,San Thome Basilica,2
Chennai,Government Museum Chennai,3
Chennai,Besant Nagar Beach,2
Chennai,Elliot’s Beach,2
Chennai,VGP Golden Beach,3
Chennai,Guindy National Park,3
Chennai,ISKCON Temple Chennai,2
Chennai,Phoenix Market City,2
Chennai,Express Avenue Mall,2
Chennai,Local Street Food Tour,3

Coorg,Abbey Falls,2
Coorg,Raja’s Seat,2
Coorg,Dubare Elephant Camp,3
Coorg,Nagarhole National Park,4
Coorg,Talakaveri,3
Coorg,Brahmagiri Hills,4
Coorg,Madikeri Fort,2
Coorg,Omkareshwara Temple,1
Coorg,Coffee Plantation Tour,3
Coorg,Harangi Dam,2
Coorg,Chiklihole Reservoir,2
Coorg,Iruppu Falls,3

Darjeeling,Tiger Hill,3
Darjeeling,Batasia Loop,2
Darjeeling,Padmaja Naidu Zoo,2
Darjeeling,Himalayan Mountaineering Institute,2
Darjeeling,Japanese Peace Pagoda,2
Darjeeling,Ghum Monastery,2
Darjeeling,Rock Garden Darjeeling,2
Darjeeling,Tea Garden Tour,3
Darjeeling,Happy Valley Tea Estate,2
Darjeeling,Chowrasta Mall Road,2
Darjeeling,Observatory Hill,2
Darjeeling,Local Cafe Exploration,2

Delhi,Red Fort,3
Delhi,India Gate,2
Delhi,Qutub Minar,2
Delhi,Lotus Temple,2
Delhi,Akshardham Temple,3
Delhi,Humayun Tomb,2
Delhi,Chandni Chowk,3
Delhi,Connaught Place,2
Delhi,Jama Masjid Delhi,2
Delhi,Raj Ghat,1
Delhi,Lodhi Garden,2
Delhi,National Museum,2
Delhi,Delhi Zoo,3
Delhi,Garden of Five Senses,2
Delhi,ISKCON Temple Delhi,1
Delhi,Teen Murti Bhavan,2
Delhi,National Rail Museum,2
Delhi,National Gallery of Modern Art,2
Delhi,Select Citywalk Mall,2
Delhi,DLF Promenade Mall,2
Delhi,DLF Emporio Mall,2
Delhi,Hauz Khas Village,2
Delhi,Mehrauli Archaeological Park,3
Delhi,Safdarjung Tomb,2
Delhi,Purana Qila,2
Delhi,Shankar's International Dolls Museum,2
Delhi,Delhi Haat,2
Delhi,Bangla Sahib Gurudwara,2
Delhi,Karol Bagh Market,2
Delhi,Sarojini Nagar Market,2

Dehradun,Robber's Cave,2
Dehradun,Sahastradhara,2
Dehradun,Forest Research Institute,2
Dehradun,Tapkeshwar Temple,1
Dehradun,Mindrolling Monastery,2
Dehradun,Malsi Deer Park,2
Dehradun,Clock Tower,1
Dehradun,Paltan Bazaar,2
Dehradun,Tapovan Ashram,2
Dehradun,Buddha Temple,2
Dehradun,Regional Science Centre,2
Dehradun,Fun Valley Water Park,3
Dehradun,Lachhiwala Nature Park,2
Dehradun,Maldevta,3
Dehradun,Asan Barrage,3
Dehradun,Khalanga War Memorial,1
Dehradun,George Everest House,3
Dehradun,Rajaji National Park,4
Dehradun,Local Food Tour,3
Dehradun,Shopping Street Walk,2
Dehradun,Evening Cafe Exploration,2
Dehradun,Temple Trail Dehradun,3
Dehradun,Heritage Walk Dehradun,3
Dehradun,Local Market Visit,2
Dehradun,Night Walk Dehradun,2
Dehradun,Riverfront Walk,2
Dehradun,Picnic Spot Maldevta,3
Dehradun,Outdoor Adventure Activities,3
Dehradun,City View Point,2
Dehradun,Local Cultural Experience,2

Dharamshala,McLeod Ganj,3
Dharamshala,Bhagsu Waterfall,2
Dharamshala,Namgyal Monastery,2
Dharamshala,Triund Trek,5
Dharamshala,Dal Lake Dharamshala,2
Dharamshala,War Memorial,1
Dharamshala,Kangra Fort,3
Dharamshala,Norbulingka Institute,2
Dharamshala,Gyuto Monastery,2
Dharamshala,St John Church,1
Dharamshala,Tea Garden Dharamshala,2
Dharamshala,Indru Nag Temple,2
Dharamshala,Aghanjar Mahadev Temple,1
Dharamshala,Kareri Lake Trek,5
Dharamshala,Naddi View Point,2
Dharamshala,Sunset Point Dharamshala,2
Dharamshala,Local Market Walk,2
Dharamshala,Street Food Tour,3
Dharamshala,Local Cafe Exploration,2
Dharamshala,Night Walk McLeod Ganj,2
Dharamshala,Mountain View Trek,4
Dharamshala,Adventure Activities,3
Dharamshala,Forest Walk,3
Dharamshala,Heritage Walk Dharamshala,3
Dharamshala,Cultural Experience Dharamshala,2
Dharamshala,Local Shopping Tour,2
Dharamshala,Meditation Retreat,3
Dharamshala,Yoga Session Dharamshala,2
Dharamshala,Photography Walk,2
Dharamshala,Temple Trail Dharamshala,3

Gangtok,Tsomgo Lake,4
Gangtok,Nathula Pass,4
Gangtok,Rumtek Monastery,2
Gangtok,MG Road,2
Gangtok,Banjhakri Falls,2
Gangtok,Hanuman Tok,1
Gangtok,Ganesh Tok,1
Gangtok,Tashi View Point,1
Gangtok,Enchey Monastery,2
Gangtok,Do Drul Chorten,2
Gangtok,Namgyal Institute of Tibetology,2
Gangtok,Himalayan Zoological Park,3
Gangtok,Flower Exhibition Centre,2
Gangtok,Ranka Monastery,2
Gangtok,Seven Sisters Waterfall,3
Gangtok,Phodong Monastery,2
Gangtok,Kabi Lungchok,2
Gangtok,Lachung Village,4
Gangtok,Yumthang Valley,5
Gangtok,Zero Point,5
Gangtok,Local Market Gangtok,2
Gangtok,Street Food Tour,3
Gangtok,Local Cafe Exploration,2
Gangtok,Photography Walk Gangtok,2
Gangtok,Mountain View Trek,4
Gangtok,Adventure Activities,3
Gangtok,Heritage Walk Gangtok,3
Gangtok,Cultural Experience Gangtok,2
Gangtok,Temple Trail Gangtok,3
Gangtok,Night Walk Gangtok,2

Goa,Baga Beach,3
Goa,Calangute Beach,3
Goa,Anjuna Beach,3
Goa,Vagator Beach,3
Goa,Dudhsagar Falls,4
Goa,Basilica of Bom Jesus,2
Goa,Se Cathedral,2
Goa,Fort Aguada,2
Goa,Chapora Fort,2
Goa,Colva Beach,3
Goa,Palolem Beach,3
Goa,Miramar Beach,2
Goa,Reis Magos Fort,2
Goa,Shri Mangeshi Temple,1
Goa,Shanta Durga Temple,1
Goa,Goa State Museum,2
Goa,Naval Aviation Museum,2
Goa,Butterfly Beach,3
Goa,Arambol Beach,3
Goa,Tito's Street,2
Goa,Mapusa Market,2
Goa,Panjim City Walk,2
Goa,Candolim Beach,3
Goa,Sinquerim Beach,3
Goa,Spice Plantation Tour,3
Goa,Dolphin Watching Tour,3
Goa,Water Sports Activities,3
Goa,Sunset Cruise Goa,2
Goa,Local Food Tour Goa,3
Goa,Night Market Goa,2

Gokarna,Om Beach,3
Gokarna,Kudle Beach,3
Gokarna,Half Moon Beach,3
Gokarna,Paradise Beach,3
Gokarna,Mahabaleshwar Temple,2
Gokarna,Gokarna Beach Trek,4
Gokarna,Yana Caves,4
Gokarna,Mirjan Fort,2
Gokarna,Shiva Cave Gokarna,1
Gokarna,Koti Tirtha,2
Gokarna,Sunset Point Gokarna,2
Gokarna,Beach Camping Experience,4
Gokarna,Water Sports Activities,3
Gokarna,Local Cafe Exploration,2
Gokarna,Street Food Walk,2
Gokarna,Temple Trail Gokarna,3
Gokarna,Photography Walk Gokarna,2
Gokarna,Local Market Visit,2
Gokarna,Coastal Cycling Tour,3
Gokarna,Night Beach Walk,2
Gokarna,Kayaking Experience,3
Gokarna,Boat Ride Gokarna,2
Gokarna,Cliff View Trek,3
Gokarna,Nature Walk Gokarna,3
Gokarna,Sunrise Beach Walk,2
Gokarna,Local Cultural Experience,2
Gokarna,Shopping Street Walk,2
Gokarna,Relaxation Beach Time,3
Gokarna,Heritage Walk Gokarna,3
Gokarna,Adventure Activities Gokarna,3

Gulmarg,Gondola Ride,4
Gulmarg,Gulmarg Golf Course,2
Gulmarg,Khilanmarg,3
Gulmarg,Alpather Lake,4
Gulmarg,Skiing Experience,4
Gulmarg,Strawberry Valley,2
Gulmarg,Baba Reshi Shrine,2
Gulmarg,Maharani Temple,1
Gulmarg,St Mary's Church,1
Gulmarg,Outer Circle Walk,3
Gulmarg,Inner Circle Walk,2
Gulmarg,Snowboarding Activity,3
Gulmarg,Snow Trekking,4
Gulmarg,Photography Tour Gulmarg,2
Gulmarg,Local Market Gulmarg,2
Gulmarg,Sunset View Gulmarg,2
Gulmarg,Nature Walk Gulmarg,3
Gulmarg,Adventure Sports Gulmarg,4
Gulmarg,Horse Riding Gulmarg,3
Gulmarg,Picnic Spot Gulmarg,3
Gulmarg,Scenic Cable Ride Views,2
Gulmarg,Mountain View Trek,4
Gulmarg,Snow Play Area,2
Gulmarg,Forest Walk Gulmarg,3
Gulmarg,Local Cultural Experience,2
Gulmarg,Night Stay Experience,3
Gulmarg,Valley View Point,2
Gulmarg,Photography Sunset Point,2
Gulmarg,Heritage Walk Gulmarg,3
Gulmarg,Relaxation Scenic Stay,3

Guwahati,Kamakhya Temple,2
Guwahati,Umananda Island,2
Guwahati,Assam State Museum,2
Guwahati,Pobitora Wildlife Sanctuary,4
Guwahati,Brahmaputra River Cruise,3
Guwahati,Navagraha Temple,1
Guwahati,Basistha Ashram,2
Guwahati,ISKCON Temple Guwahati,2
Guwahati,Accoland Water Park,3
Guwahati,Regional Science Centre,2
Guwahati,Deepor Beel Wildlife Sanctuary,3
Guwahati,Saraighat Bridge View Point,2
Guwahati,Nehru Park Guwahati,2
Guwahati,Fancy Bazaar,2
Guwahati,Paltan Bazaar,2
Guwahati,Local Street Food Tour,3
Guwahati,Local Cafe Exploration,2
Guwahati,Shopping Market Walk,2
Guwahati,Temple Trail Guwahati,3
Guwahati,Heritage Walk Guwahati,3
Guwahati,Photography Walk Guwahati,2
Guwahati,Sunset River View,2
Guwahati,Night Market Guwahati,2
Guwahati,Boat Ride Brahmaputra,3
Guwahati,Nature Walk Guwahati,3
Guwahati,Cultural Experience Guwahati,2
Guwahati,Local Village Visit,3
Guwahati,Bird Watching Experience,3
Guwahati,Adventure Activities Guwahati,3
Guwahati,Relaxation Park Visit,2

Hampi,Virupaksha Temple,2
Hampi,Vittala Temple,3
Hampi,Hampi Bazaar,2
Hampi,Lotus Mahal,2
Hampi,Elephant Stables,2
Hampi,Matanga Hill Sunrise,2
Hampi,Achyutaraya Temple,2
Hampi,Hemakuta Hill,2
Hampi,Queen's Bath,2
Hampi,Underground Shiva Temple,1
Hampi,Hazara Rama Temple,2
Hampi,King's Balance,1
Hampi,Stepped Tank Hampi,2
Hampi,Royal Enclosure,3
Hampi,Sugriva Cave,1
Hampi,Anjaneya Hill,3
Hampi,Coracle Ride Tungabhadra River,2
Hampi,Sunset Point Hampi,2
Hampi,Photography Walk Hampi,2
Hampi,Heritage Walk Hampi,3
Hampi,Local Market Walk,2
Hampi,Street Food Experience,2
Hampi,Local Cafe Exploration,2
Hampi,Cycling Tour Hampi,3
Hampi,Nature Walk Hampi,3
Hampi,Temple Trail Hampi,3
Hampi,Cultural Experience Hampi,2
Hampi,Adventure Activities Hampi,3
Hampi,Night Sky Watching,2
Hampi,Relaxation Riverside Time,3

Hyderabad,Charminar,2
Hyderabad,Golconda Fort,3
Hyderabad,Ramoji Film City,5
Hyderabad,Hussain Sagar Lake,2
Hyderabad,Birla Mandir Hyderabad,1
Hyderabad,Chowmahalla Palace,2
Hyderabad,Salar Jung Museum,3
Hyderabad,Laad Bazaar,2
Hyderabad,Nehru Zoological Park,3
Hyderabad,Shilparamam,2
Hyderabad,Mecca Masjid,2
Hyderabad,Tank Bund,2
Hyderabad,Lumbini Park,2
Hyderabad,Snow World Hyderabad,3
Hyderabad,Inorbit Mall,2
Hyderabad,GVK One Mall,2
Hyderabad,Forum Mall,2
Hyderabad,Local Street Food Tour,3
Hyderabad,Hyderabadi Biryani Experience,2
Hyderabad,Heritage Walk Hyderabad,3
Hyderabad,Photography Walk Hyderabad,2
Hyderabad,Temple Trail Hyderabad,3
Hyderabad,Local Cafe Exploration,2
Hyderabad,Night Market Hyderabad,2
Hyderabad,Shopping Market Walk,2
Hyderabad,Adventure Activities Hyderabad,3
Hyderabad,Nature Walk Hyderabad,3
Hyderabad,Cultural Experience Hyderabad,2
Hyderabad,City View Point Hyderabad,2
Hyderabad,Relaxation Lake Walk,2

Jaipur,Hawa Mahal,1
Jaipur,Amber Fort,3
Jaipur,City Palace,2
Jaipur,Jantar Mantar,2
Jaipur,Nahargarh Fort,3
Jaipur,Jaigarh Fort,2
Jaipur,Albert Hall Museum,2
Jaipur,Jal Mahal,1
Jaipur,Birla Mandir,1
Jaipur,Chokhi Dhani,4
Jaipur,Bapu Bazaar,2
Jaipur,Johari Bazaar,2
Jaipur,Central Park,2
Jaipur,Kanak Vrindavan,2
Jaipur,Galta Ji Temple,2
Jaipur,Sisodia Rani Garden,2
Jaipur,World Trade Park,2
Jaipur,Rambagh Palace,2
Jaipur,Anokhi Museum,2
Jaipur,Jawahar Circle,2
Jaipur,Patrika Gate,1
Jaipur,Smriti Van,2
Jaipur,Amrapali Museum,2
Jaipur,Jaipur Wax Museum,2
Jaipur,Elephant Village,3
Jaipur,Local Food Tour,3
Jaipur,Heritage Walk Jaipur,3
Jaipur,Photography Walk Jaipur,2
Jaipur,Temple Trail Jaipur,3
Jaipur,Night Market Jaipur,2

Jaisalmer,Jaisalmer Fort,3
Jaisalmer,Sam Sand Dunes,4
Jaisalmer,Patwon Ki Haveli,2
Jaisalmer,Gadisar Lake,2
Jaisalmer,Kuldhara Village,2
Jaisalmer,Desert Safari,4
Jaisalmer,Salim Singh Ki Haveli,2
Jaisalmer,Nathmal Ki Haveli,2
Jaisalmer,Bada Bagh,2
Jaisalmer,Vyas Chhatri,2
Jaisalmer,Desert Cultural Show,3
Jaisalmer,Camel Ride Experience,3
Jaisalmer,Quad Biking Desert,3
Jaisalmer,Sunset Point Jaisalmer,2
Jaisalmer,Local Market Jaisalmer,2
Jaisalmer,Street Food Tour,2
Jaisalmer,Heritage Walk Jaisalmer,3
Jaisalmer,Photography Walk Jaisalmer,2
Jaisalmer,Night Desert Camping,4
Jaisalmer,Temple Trail Jaisalmer,3
Jaisalmer,Local Cafe Exploration,2
Jaisalmer,Night Market Jaisalmer,2
Jaisalmer,Shopping Market Walk,2
Jaisalmer,Adventure Activities Desert,3
Jaisalmer,Cultural Experience Jaisalmer,2
Jaisalmer,Relaxation Desert View,3
Jaisalmer,Sunrise Desert Experience,2
Jaisalmer,Local Village Visit,3
Jaisalmer,Handicraft Market Tour,2
Jaisalmer,Fort View Point,2

Jodhpur,Mehrangarh Fort,3
Jodhpur,Umaid Bhawan Palace,2
Jodhpur,Jaswant Thada,2
Jodhpur,Clock Tower Market,2
Jodhpur,Toorji Ka Jhalra,1
Jodhpur,Mandore Gardens,2
Jodhpur,Kaylana Lake,2
Jodhpur,Rao Jodha Desert Park,3
Jodhpur,Ghanta Ghar Market,2
Jodhpur,Balsamand Lake,2
Jodhpur,Machia Biological Park,3
Jodhpur,Osian Temples,4
Jodhpur,Chamunda Mata Temple,1
Jodhpur,Sardar Market,2
Jodhpur,Local Food Tour,3
Jodhpur,Heritage Walk Jodhpur,3
Jodhpur,Photography Walk Jodhpur,2
Jodhpur,Temple Trail Jodhpur,3
Jodhpur,Local Cafe Exploration,2
Jodhpur,Night Market Jodhpur,2
Jodhpur,Shopping Market Walk,2
Jodhpur,Adventure Activities Jodhpur,3
Jodhpur,Cultural Experience Jodhpur,2
Jodhpur,City View Point Jodhpur,2
Jodhpur,Sunset Point Jodhpur,2
Jodhpur,Blue City Walk,3
Jodhpur,Street Food Tour,3
Jodhpur,Handicraft Market Tour,2
Jodhpur,Local Village Visit,3
Jodhpur,Relaxation Lake View,2

Kanyakumari,Vivekananda Rock Memorial,2
Kanyakumari,Thiruvalluvar Statue,1
Kanyakumari,Sunset Point,2
Kanyakumari,Sunrise View Point,2
Kanyakumari,Kanyakumari Beach,2
Kanyakumari,Light and Sound Show,2
Kanyakumari,Gandhi Memorial,2
Kanyakumari,Our Lady of Ransom Church,2
Kanyakumari,Vattakottai Fort,2
Kanyakumari,Padmanabhapuram Palace,3
Kanyakumari,Thirparappu Falls,3
Kanyakumari,Suchindram Temple,2
Kanyakumari,Mathur Aqueduct,2
Kanyakumari,Baywatch Park,2
Kanyakumari,Wax Museum Kanyakumari,2
Kanyakumari,Local Market Kanyakumari,2
Kanyakumari,Street Food Tour,2
Kanyakumari,Photography Walk,2
Kanyakumari,Temple Trail Kanyakumari,3
Kanyakumari,Heritage Walk Kanyakumari,3
Kanyakumari,Local Cafe Exploration,2
Kanyakumari,Shopping Market Walk,2
Kanyakumari,Adventure Activities Kanyakumari,3
Kanyakumari,Cultural Experience Kanyakumari,2
Kanyakumari,Nature Walk Kanyakumari,3
Kanyakumari,Coastal View Walk,2
Kanyakumari,Relaxation Beach Time,3
Kanyakumari,Boat Ride Experience,2
Kanyakumari,Night Walk Kanyakumari,2
Kanyakumari,Sunset Photography Point,2

Kasauli,Monkey Point,2
Kasauli,Gilbert Trail,2
Kasauli,Sunset Point Kasauli,2
Kasauli,Christ Church Kasauli,1
Kasauli,Manki Point,2
Kasauli,Sunrise Point Kasauli,2
Kasauli,Kasauli Brewery,2
Kasauli,Gurkha Fort,2
Kasauli,Timber Trail,3
Kasauli,Local Market Kasauli,2
Kasauli,Heritage Walk Kasauli,3
Kasauli,Nature Walk Kasauli,3
Kasauli,Photography Walk Kasauli,2
Kasauli,Temple Trail Kasauli,3
Kasauli,Local Cafe Exploration,2
Kasauli,Shopping Market Walk,2
Kasauli,Adventure Activities Kasauli,3
Kasauli,Cultural Experience Kasauli,2
Kasauli,Night Walk Kasauli,2
Kasauli,Forest Exploration,3
Kasauli,Picnic Spot Kasauli,3
Kasauli,Relaxation Hill View,3
Kasauli,Sunset Photography Point,2
Kasauli,Local Food Tour,3
Kasauli,Scenic View Point,2
Kasauli,Short Trek Kasauli,3
Kasauli,Bird Watching,3
Kasauli,Outdoor Adventure,3
Kasauli,Peaceful Retreat Time,3
Kasauli,Mountain View Walk,2

Kochi,Fort Kochi,3
Kochi,Chinese Fishing Nets,2
Kochi,Mattancherry Palace,2
Kochi,Jew Town,2
Kochi,Marine Drive Kochi,2
Kochi,Lulu Mall Kochi,2
Kochi,St Francis Church,1
Kochi,Santa Cruz Basilica,2
Kochi,Hill Palace Museum,3
Kochi,Kerala Folklore Museum,2
Kochi,Bolgatty Palace,2
Kochi,Vypeen Island,3
Kochi,Backwater Boat Ride,4
Kochi,Local Market Kochi,2
Kochi,Street Food Tour Kochi,3
Kochi,Heritage Walk Kochi,3
Kochi,Photography Walk Kochi,2
Kochi,Temple Trail Kochi,3
Kochi,Local Cafe Exploration,2
Kochi,Night Walk Kochi,2
Kochi,Shopping Market Walk,2
Kochi,Cultural Experience Kochi,2
Kochi,Adventure Activities Kochi,3
Kochi,Sunset View Kochi,2
Kochi,Relaxation Beach Time,3
Kochi,Island Exploration,3
Kochi,Art Gallery Visit,2
Kochi,Handicraft Market Tour,2
Kochi,Boat Cruise Kochi,3
Kochi,Nature Walk Kochi,3

Kolkata,Victoria Memorial,3
Kolkata,Howrah Bridge,2
Kolkata,Dakshineswar Temple,2
Kolkata,Kalighat Temple,2
Kolkata,Indian Museum,3
Kolkata,Park Street,2
Kolkata,Eco Park,3
Kolkata,Science City Kolkata,3
Kolkata,Belur Math,2
Kolkata,Marble Palace,2
Kolkata,St Paul Cathedral,2
Kolkata,New Market,2
Kolkata,College Street,2
Kolkata,South City Mall,2
Kolkata,Prinsep Ghat,2
Kolkata,Local Food Tour,3
Kolkata,Heritage Walk Kolkata,3
Kolkata,Photography Walk Kolkata,2
Kolkata,Temple Trail Kolkata,3
Kolkata,Local Cafe Exploration,2
Kolkata,Night Walk Kolkata,2
Kolkata,Shopping Market Walk,2
Kolkata,Cultural Experience Kolkata,2
Kolkata,Adventure Activities Kolkata,3
Kolkata,Sunset River View,2
Kolkata,Street Food Tour,3
Kolkata,Art Gallery Visit,2
Kolkata,Handicraft Market Tour,2
Kolkata,Boat Ride Hooghly River,3
Kolkata,Nature Walk Kolkata,3

Leh,Pangong Lake,5
Leh,Nubra Valley,5
Leh,Khardung La Pass,4
Leh,Magnetic Hill,2
Leh,Shanti Stupa,2
Leh,Leh Palace,2
Leh,Hemis Monastery,3
Leh,Thiksey Monastery,3
Leh,Diskit Monastery,3
Leh,Zanskar Valley,5
Leh,Tso Moriri Lake,5
Leh,Hall of Fame Museum,2
Leh,Spituk Monastery,2
Leh,Shey Palace,2
Leh,Local Market Leh,2
Leh,Street Food Tour Leh,2
Leh,Photography Walk Leh,2
Leh,Adventure Activities Leh,4
Leh,Mountain Trek Leh,5
Leh,Camping Experience Leh,4
Leh,Bike Ride Experience Leh,5
Leh,Sunset View Leh,2
Leh,Sunrise View Leh,2
Leh,Local Cafe Exploration,2
Leh,Cultural Experience Leh,2
Leh,Shopping Market Walk,2
Leh,Nature Walk Leh,3
Leh,Stargazing Experience,3
Leh,River Rafting Zanskar,4
Leh,Relaxation Scenic Stay,3

Lucknow,Bara Imambara,2
Lucknow,Chota Imambara,2
Lucknow,Rumi Darwaza,1
Lucknow,British Residency,2
Lucknow,Janeshwar Mishra Park,2
Lucknow,Hazratganj Market,2
Lucknow,Gomti Riverfront,2
Lucknow,Lucknow Zoo,3
Lucknow,State Museum Lucknow,2
Lucknow,Dilkusha Kothi,2
Lucknow,Sikandar Bagh,2
Lucknow,Clock Tower Hussainabad,1
Lucknow,Husainabad Picture Gallery,2
Lucknow,Moti Mahal,2
Lucknow,Kukrail Forest Reserve,3
Lucknow,Marine Drive Lucknow,2
Lucknow,Chowk Market,2
Lucknow,Aminabad Market,2
Lucknow,Fun Republic Mall,2
Lucknow,Sahara Ganj Mall,2
Lucknow,ISKCON Temple Lucknow,1
Lucknow,Hanuman Setu Temple,1
Lucknow,Gautam Buddha Park,2
Lucknow,Dr Ram Manohar Lohia Park,2
Lucknow,Local Food Tour Lucknow,3
Lucknow,Heritage Walk Lucknow,3
Lucknow,Street Food Tour Lucknow,3
Lucknow,Photography Walk Lucknow,2
Lucknow,Night Market Lucknow,2
Lucknow,Cultural Experience Lucknow,2

Manali,Solang Valley,3
Manali,Rohtang Pass,4
Manali,Hadimba Temple,2
Manali,Manu Temple,1
Manali,Old Manali,2
Manali,Mall Road Manali,2
Manali,Vashisht Hot Springs,2
Manali,Jogini Waterfall,3
Manali,Nehru Kund,2
Manali,Bhrigu Lake Trek,5
Manali,Hampta Pass Trek,5
Manali,Great Himalayan National Park,4
Manali,Beas River Rafting,3
Manali,Paragliding Solang,3
Manali,Skiing Solang,3
Manali,Mountain Biking Manali,3
Manali,Local Market Manali,2
Manali,Street Food Tour Manali,3
Manali,Heritage Walk Manali,3
Manali,Photography Walk Manali,2
Manali,Temple Trail Manali,3
Manali,Local Cafe Exploration,2
Manali,Night Walk Manali,2
Manali,Adventure Activities Manali,4
Manali,Cultural Experience Manali,2
Manali,Sunset Point Manali,2
Manali,Sunrise View Manali,2
Manali,Nature Walk Manali,3
Manali,Relaxation Riverside Time,3
Manali,Camping Experience Manali,4

Mumbai,Gateway of India,2
Mumbai,Marine Drive,2
Mumbai,Elephanta Caves,4
Mumbai,Juhu Beach,2
Mumbai,Siddhivinayak Temple,1
Mumbai,Haji Ali Dargah,1
Mumbai,Colaba Causeway,2
Mumbai,Sanjay Gandhi National Park,4
Mumbai,Chhatrapati Shivaji Terminus,2
Mumbai,Prince of Wales Museum,2
Mumbai,Bandra-Worli Sea Link,1
Mumbai,Versova Beach,2
Mumbai,Chowpatty Beach,2
Mumbai,Taraporewala Aquarium,2
Mumbai,Nehru Planetarium,2
Mumbai,Film City Mumbai,3
Mumbai,Global Vipassana Pagoda,2
Mumbai,Mount Mary Church,1
Mumbai,Bandra Fort,2
Mumbai,Powai Lake,2
Mumbai,High Street Phoenix Mall,2
Mumbai,Inorbit Mall,2
Mumbai,Local Food Tour Mumbai,3
Mumbai,Street Food Tour Mumbai,3
Mumbai,Heritage Walk Mumbai,3
Mumbai,Photography Walk Mumbai,2
Mumbai,Night Market Mumbai,2
Mumbai,Shopping Market Walk,2
Mumbai,Cultural Experience Mumbai,2
Mumbai,Sunset Marine Drive,2

Mussoorie,Kempty Falls,3
Mussoorie,Gun Hill,2
Mussoorie,Camel’s Back Road,2
Mussoorie,Lal Tibba,2
Mussoorie,Mussoorie Lake,2
Mussoorie,Mall Road Mussoorie,2
Mussoorie,Cloud’s End,3
Mussoorie,Company Garden,2
Mussoorie,George Everest House,3
Mussoorie,Bhatta Falls,2
Mussoorie,Jharipani Falls,2
Mussoorie,Mossy Falls,2
Mussoorie,Happy Valley,2
Mussoorie,Christ Church Mussoorie,1
Mussoorie,Local Market Mussoorie,2
Mussoorie,Street Food Tour Mussoorie,3
Mussoorie,Heritage Walk Mussoorie,3
Mussoorie,Photography Walk Mussoorie,2
Mussoorie,Temple Trail Mussoorie,3
Mussoorie,Local Cafe Exploration,2
Mussoorie,Night Walk Mussoorie,2
Mussoorie,Adventure Activities Mussoorie,3
Mussoorie,Cultural Experience Mussoorie,2
Mussoorie,Sunset Point Mussoorie,2
Mussoorie,Sunrise View Mussoorie,2
Mussoorie,Nature Walk Mussoorie,3
Mussoorie,Relaxation Hill View,3
Mussoorie,Camping Experience Mussoorie,4
Mussoorie,Picnic Spot Mussoorie,3
Mussoorie,Scenic View Point Mussoorie,2

Mysore,Mysore Palace,3
Mysore,Chamundi Hill Temple,2
Mysore,Brindavan Gardens,3
Mysore,St Philomena Church,2
Mysore,Zoo Mysore,3
Mysore,Railway Museum Mysore,2
Mysore,Jaganmohan Palace,2
Mysore,Karanji Lake,2
Mysore,Lalitha Mahal Palace,2
Mysore,Srirangapatna,3
Mysore,Ranganathittu Bird Sanctuary,3
Mysore,GRS Fantasy Park,3
Mysore,Mysore Sand Sculpture Museum,2
Mysore,Local Market Mysore,2
Mysore,Street Food Tour Mysore,3
Mysore,Heritage Walk Mysore,3
Mysore,Photography Walk Mysore,2
Mysore,Temple Trail Mysore,3
Mysore,Local Cafe Exploration,2
Mysore,Night Walk Mysore,2
Mysore,Shopping Market Walk,2
Mysore,Cultural Experience Mysore,2
Mysore,Adventure Activities Mysore,3
Mysore,Sunset View Mysore,2
Mysore,Nature Walk Mysore,3
Mysore,Relaxation Park Visit,2
Mysore,Handicraft Market Tour,2
Mysore,Art Gallery Visit,2
Mysore,Local Village Visit,3
Mysore,Scenic View Point Mysore,2

Nainital,Naini Lake,3
Nainital,Naina Devi Temple,2
Nainital,Snow View Point,2
Nainital,Tiffin Top,3
Nainital,The Mall Road Nainital,2
Nainital,Governor’s House,2
Nainital,High Altitude Zoo,3
Nainital,Boat Ride Naini Lake,2
Nainital,Eco Cave Gardens,2
Nainital,Lover’s Point,2
Nainital,Land’s End,2
Nainital,Kilbury Bird Sanctuary,3
Nainital,Bhimtal Lake,3
Nainital,Sattal Lake,3
Nainital,Naukuchiatal Lake,3
Nainital,Local Market Nainital,2
Nainital,Street Food Tour Nainital,3
Nainital,Heritage Walk Nainital,3
Nainital,Photography Walk Nainital,2
Nainital,Temple Trail Nainital,3
Nainital,Local Cafe Exploration,2
Nainital,Night Walk Nainital,2
Nainital,Adventure Activities Nainital,3
Nainital,Cultural Experience Nainital,2
Nainital,Sunset View Nainital,2
Nainital,Sunrise View Nainital,2
Nainital,Nature Walk Nainital,3
Nainital,Camping Experience Nainital,4
Nainital,Picnic Spot Nainital,3
Nainital,Scenic View Point Nainital,2

Ooty,Botanical Gardens Ooty,3
Ooty,Ooty Lake,3
Ooty,Doddabetta Peak,3
Ooty,Rose Garden Ooty,2
Ooty,Pykara Lake,3
Ooty,Pykara Falls,2
Ooty,Nilgiri Mountain Railway,4
Ooty,Tea Factory Ooty,2
Ooty,Avalanche Lake,4
Ooty,Emerald Lake,3
Ooty,St Stephen Church,1
Ooty,Wax Museum Ooty,2
Ooty,Thread Garden,2
Ooty,Local Market Ooty,2
Ooty,Street Food Tour Ooty,3
Ooty,Heritage Walk Ooty,3
Ooty,Photography Walk Ooty,2
Ooty,Temple Trail Ooty,3
Ooty,Local Cafe Exploration,2
Ooty,Night Walk Ooty,2
Ooty,Adventure Activities Ooty,3
Ooty,Cultural Experience Ooty,2
Ooty,Sunset View Ooty,2
Ooty,Sunrise View Ooty,2
Ooty,Nature Walk Ooty,3
Ooty,Camping Experience Ooty,4
Ooty,Picnic Spot Ooty,3
Ooty,Scenic View Point Ooty,2
Ooty,Forest Exploration Ooty,3
Ooty,Relaxation Hill View,3

Patna,Golghar,2
Patna,Patna Museum,2
Patna,Bihar Museum,2
Patna,Mahatma Gandhi Setu View,2
Patna,Takht Sri Patna Sahib,2
Patna,Kumhrar Park,2
Patna,Sanjay Gandhi Biological Park,3
Patna,Gandhi Maidan,2
Patna,Agam Kuan,1
Patna,Funtasia Water Park,3
Patna,Local Market Patna,2
Patna,Street Food Tour Patna,3
Patna,Heritage Walk Patna,3
Patna,Photography Walk Patna,2
Patna,Temple Trail Patna,3
Patna,Local Cafe Exploration,2
Patna,Night Walk Patna,2
Patna,Shopping Market Walk,2
Patna,Cultural Experience Patna,2
Patna,Adventure Activities Patna,3
Patna,Sunset View Patna,2
Patna,Sunrise View Patna,2
Patna,Nature Walk Patna,3
Patna,Relaxation Park Visit,2
Patna,Boat Ride Ganga River,3
Patna,Art Gallery Visit,2
Patna,Handicraft Market Tour,2
Patna,Local Village Visit,3
Patna,Picnic Spot Patna,3
Patna,Scenic View Point Patna,2

Pondicherry,Promenade Beach,3
Pondicherry,Auroville,3
Pondicherry,Sri Aurobindo Ashram,2
Pondicherry,Paradise Beach,3
Pondicherry,Serenity Beach,3
Pondicherry,Rock Beach,2
Pondicherry,French Quarter,3
Pondicherry,Chunnambar Boat House,3
Pondicherry,Botanical Garden Pondicherry,2
Pondicherry,Light and Sound Show,2
Pondicherry,Local Market Pondicherry,2
Pondicherry,Street Food Tour Pondicherry,3
Pondicherry,Heritage Walk Pondicherry,3
Pondicherry,Photography Walk Pondicherry,2
Pondicherry,Temple Trail Pondicherry,3
Pondicherry,Local Cafe Exploration,2
Pondicherry,Night Walk Pondicherry,2
Pondicherry,Shopping Market Walk,2
Pondicherry,Cultural Experience Pondicherry,2
Pondicherry,Adventure Activities Pondicherry,3
Pondicherry,Sunset View Pondicherry,2
Pondicherry,Sunrise View Pondicherry,2
Pondicherry,Nature Walk Pondicherry,3
Pondicherry,Relaxation Beach Time,3
Pondicherry,Boat Ride Pondicherry,2
Pondicherry,Art Gallery Visit,2
Pondicherry,Handicraft Market Tour,2
Pondicherry,Local Village Visit,3
Pondicherry,Picnic Spot Pondicherry,3
Pondicherry,Scenic View Point Pondicherry,2

Pune,Shaniwar Wada,2
Pune,Aga Khan Palace,2
Pune,Sinhagad Fort,3
Pune,Dagadusheth Ganpati Temple,1
Pune,Pataleshwar Cave Temple,1
Pune,Rajiv Gandhi Zoo,3
Pune,Osho Ashram,2
Pune,Parvati Hill,2
Pune,Khadakwasla Dam,3
Pune,Phoenix Marketcity,2
Pune,Local Market Pune,2
Pune,Street Food Tour Pune,3
Pune,Heritage Walk Pune,3
Pune,Photography Walk Pune,2
Pune,Temple Trail Pune,3
Pune,Local Cafe Exploration,2
Pune,Night Walk Pune,2
Pune,Shopping Market Walk,2
Pune,Cultural Experience Pune,2
Pune,Adventure Activities Pune,3
Pune,Sunset View Pune,2
Pune,Sunrise View Pune,2
Pune,Nature Walk Pune,3
Pune,Camping Experience Pune,4
Pune,Picnic Spot Pune,3
Pune,Art Gallery Visit,2
Pune,Handicraft Market Tour,2
Pune,Local Village Visit,3
Pune,Scenic View Point Pune,2
Pune,Relaxation Park Visit,2

Rishikesh,Laxman Jhula,2
Rishikesh,Ram Jhula,2
Rishikesh,Triveni Ghat,2
Rishikesh,Neelkanth Mahadev Temple,3
Rishikesh,Parmarth Niketan Ashram,2
Rishikesh,Beatles Ashram,2
Rishikesh,River Rafting,4
Rishikesh,Bungee Jumping,3
Rishikesh,Camping Rishikesh,4
Rishikesh,Waterfall Trek Rishikesh,3
Rishikesh,Local Market Rishikesh,2
Rishikesh,Street Food Tour Rishikesh,3
Rishikesh,Heritage Walk Rishikesh,3
Rishikesh,Photography Walk Rishikesh,2
Rishikesh,Temple Trail Rishikesh,3
Rishikesh,Local Cafe Exploration,2
Rishikesh,Night Walk Rishikesh,2
Rishikesh,Shopping Market Walk,2
Rishikesh,Cultural Experience Rishikesh,2
Rishikesh,Adventure Activities Rishikesh,4
Rishikesh,Sunset View Rishikesh,2
Rishikesh,Sunrise View Rishikesh,2
Rishikesh,Nature Walk Rishikesh,3
Rishikesh,Relaxation Riverside Time,3
Rishikesh,Boat Ride Ganga,2
Rishikesh,Yoga Session,2
Rishikesh,Meditation Retreat,3
Rishikesh,Picnic Spot Rishikesh,3
Rishikesh,Scenic View Point Rishikesh,2
Rishikesh,Forest Exploration Rishikesh,3

Shimla,The Ridge,2
Shimla,Mall Road Shimla,2
Shimla,Jakhoo Temple,2
Shimla,Kufri,3
Shimla,Christ Church Shimla,1
Shimla,Green Valley,2
Shimla,Toy Train Ride,4
Shimla,Indian Institute of Advanced Study,2
Shimla,Annandale,2
Shimla,Chadwick Falls,2
Shimla,Local Market Shimla,2
Shimla,Street Food Tour Shimla,3
Shimla,Heritage Walk Shimla,3
Shimla,Photography Walk Shimla,2
Shimla,Temple Trail Shimla,3
Shimla,Local Cafe Exploration,2
Shimla,Night Walk Shimla,2
Shimla,Shopping Market Walk,2
Shimla,Cultural Experience Shimla,2
Shimla,Adventure Activities Shimla,3
Shimla,Sunset View Shimla,2
Shimla,Sunrise View Shimla,2
Shimla,Nature Walk Shimla,3
Shimla,Camping Experience Shimla,4
Shimla,Picnic Spot Shimla,3
Shimla,Scenic View Point Shimla,2
Shimla,Forest Exploration Shimla,3
Shimla,Relaxation Hill View,3
Shimla,Local Village Visit,3
Shimla,Art Gallery Visit,2

Srinagar,Dal Lake,3
Srinagar,Shikara Ride,2
Srinagar,Mughal Gardens,3
Srinagar,Shankaracharya Temple,2
Srinagar,Nishat Bagh,2
Srinagar,Shalimar Bagh,2
Srinagar,Hazratbal Shrine,2
Srinagar,Pari Mahal,2
Srinagar,Indira Gandhi Memorial Tulip Garden,3
Srinagar,Local Market Srinagar,2
Srinagar,Street Food Tour Srinagar,3
Srinagar,Heritage Walk Srinagar,3
Srinagar,Photography Walk Srinagar,2
Srinagar,Temple Trail Srinagar,3
Srinagar,Local Cafe Exploration,2
Srinagar,Night Walk Srinagar,2
Srinagar,Shopping Market Walk,2
Srinagar,Cultural Experience Srinagar,2
Srinagar,Adventure Activities Srinagar,3
Srinagar,Sunset View Srinagar,2
Srinagar,Sunrise View Srinagar,2
Srinagar,Nature Walk Srinagar,3
Srinagar,Relaxation Lake View,3
Srinagar,Boat Ride Dal Lake,2
Srinagar,Gulmarg Day Trip,5
Srinagar,Pahalgam Day Trip,5
Srinagar,Sonmarg Day Trip,5
Srinagar,Handicraft Market Tour,2
Srinagar,Local Village Visit,3
Srinagar,Scenic View Point Srinagar,2

Surat,Dumas Beach,3
Surat,Science Centre Surat,2
Surat,Sarthana Nature Park,3
Surat,Dutch Garden,2
Surat,Ambika Niketan Temple,2
Surat,ISKCON Temple Surat,1
Surat,VR Mall Surat,2
Surat,Local Market Surat,2
Surat,Street Food Tour Surat,3
Surat,Heritage Walk Surat,3
Surat,Photography Walk Surat,2
Surat,Temple Trail Surat,3
Surat,Local Cafe Exploration,2
Surat,Night Walk Surat,2
Surat,Shopping Market Walk,2
Surat,Cultural Experience Surat,2
Surat,Adventure Activities Surat,3
Surat,Sunset View Surat,2
Surat,Sunrise View Surat,2
Surat,Nature Walk Surat,3
Surat,Relaxation Park Visit,2
Surat,Boat Ride Tapi River,2
Surat,Art Gallery Visit,2
Surat,Handicraft Market Tour,2
Surat,Local Village Visit,3
Surat,Picnic Spot Surat,3
Surat,Scenic View Point Surat,2
Surat,Food Street Exploration,3
Surat,City View Walk,2
Surat,Riverfront Walk Surat,2

Tirupati,Tirumala Temple,4
Tirupati,Sri Kapileswara Swamy Temple,2
Tirupati,Akasa Ganga,2
Tirupati,Silathoranam,2
Tirupati,Chandragiri Fort,3
Tirupati,Deer Park Tirupati,2
Tirupati,ISKCON Temple Tirupati,2
Tirupati,Sri Venkateswara Museum,2
Tirupati,Local Market Tirupati,2
Tirupati,Street Food Tour Tirupati,3
Tirupati,Heritage Walk Tirupati,3
Tirupati,Photography Walk Tirupati,2
Tirupati,Temple Trail Tirupati,4
Tirupati,Local Cafe Exploration,2
Tirupati,Night Walk Tirupati,2
Tirupati,Shopping Market Walk,2
Tirupati,Cultural Experience Tirupati,2
Tirupati,Adventure Activities Tirupati,3
Tirupati,Sunset View Tirupati,2
Tirupati,Sunrise View Tirupati,2
Tirupati,Nature Walk Tirupati,3
Tirupati,Relaxation Hill View,3
Tirupati,Boat Ride Tirupati Area,2
Tirupati,Art Gallery Visit,2
Tirupati,Handicraft Market Tour,2
Tirupati,Local Village Visit,3
Tirupati,Picnic Spot Tirupati,3
Tirupati,Scenic View Point Tirupati,2
Tirupati,Forest Exploration Tirupati,3
Tirupati,Spiritual Experience Tour,4

Udaipur,City Palace Udaipur,3
Udaipur,Lake Pichola,3
Udaipur,Jag Mandir,2
Udaipur,Fateh Sagar Lake,2
Udaipur,Sajjangarh Palace,3
Udaipur,Saheliyon Ki Bari,2
Udaipur,Bagore Ki Haveli,2
Udaipur,Jagadish Temple,1
Udaipur,Local Market Udaipur,2
Udaipur,Street Food Tour Udaipur,3
Udaipur,Heritage Walk Udaipur,3
Udaipur,Photography Walk Udaipur,2
Udaipur,Temple Trail Udaipur,3
Udaipur,Local Cafe Exploration,2
Udaipur,Night Walk Udaipur,2
Udaipur,Shopping Market Walk,2
Udaipur,Cultural Experience Udaipur,2
Udaipur,Adventure Activities Udaipur,3
Udaipur,Sunset View Udaipur,2
Udaipur,Sunrise View Udaipur,2
Udaipur,Nature Walk Udaipur,3
Udaipur,Boat Ride Lake Pichola,2
Udaipur,Art Gallery Visit,2
Udaipur,Handicraft Market Tour,2
Udaipur,Local Village Visit,3
Udaipur,Picnic Spot Udaipur,3
Udaipur,Scenic View Point Udaipur,2
Udaipur,Palace Cultural Show,2
Udaipur,City View Walk,2
Udaipur,Relaxation Lake View,3

Varanasi,Kashi Vishwanath Temple,2
Varanasi,Dashashwamedh Ghat,2
Varanasi,Assi Ghat,2
Varanasi,Sarnath,3
Varanasi,Ganga Aarti,2
Varanasi,BHU Campus,2
Varanasi,Ramnagar Fort,2
Varanasi,Tulsi Manas Temple,1
Varanasi,Durga Temple,1
Varanasi,Local Market Varanasi,2
Varanasi,Street Food Tour Varanasi,3
Varanasi,Heritage Walk Varanasi,3
Varanasi,Photography Walk Varanasi,2
Varanasi,Temple Trail Varanasi,3
Varanasi,Local Cafe Exploration,2
Varanasi,Night Walk Varanasi,2
Varanasi,Shopping Market Walk,2
Varanasi,Cultural Experience Varanasi,2
Varanasi,Boat Ride Ganga,2
Varanasi,Sunrise Boat Tour,2
Varanasi,Sunset Ghat View,2
Varanasi,Nature Walk Varanasi,3
Varanasi,Art Gallery Visit,2
Varanasi,Handicraft Market Tour,2
Varanasi,Local Village Visit,3
Varanasi,Picnic Spot Varanasi,3
Varanasi,Scenic View Point Varanasi,2
Varanasi,Spiritual Experience Tour,4
Varanasi,Music and Culture Experience,2
Varanasi,Traditional Workshop Visit,2

Vijayawada,Kanaka Durga Temple,2
Vijayawada,Prakasam Barrage,2
Vijayawada,Bhavanipuram,2
Vijayawada,Undavalli Caves,3
Vijayawada,Mogalarajapuram Caves,2
Vijayawada,Victoria Museum,2
Vijayawada,Local Market Vijayawada,2
Vijayawada,Street Food Tour Vijayawada,3
Vijayawada,Heritage Walk Vijayawada,3
Vijayawada,Photography Walk Vijayawada,2
Vijayawada,Temple Trail Vijayawada,3
Vijayawada,Local Cafe Exploration,2
Vijayawada,Night Walk Vijayawada,2
Vijayawada,Shopping Market Walk,2
Vijayawada,Cultural Experience Vijayawada,2
Vijayawada,Adventure Activities Vijayawada,3
Vijayawada,Sunset View Vijayawada,2
Vijayawada,Sunrise View Vijayawada,2
Vijayawada,Nature Walk Vijayawada,3
Vijayawada,Relaxation Park Visit,2
Vijayawada,Boat Ride Krishna River,2
Vijayawada,Art Gallery Visit,2
Vijayawada,Handicraft Market Tour,2
Vijayawada,Local Village Visit,3
Vijayawada,Picnic Spot Vijayawada,3
Vijayawada,Scenic View Point Vijayawada,2
Vijayawada,City View Walk Vijayawada,2
Vijayawada,Riverfront Walk Vijayawada,2
Vijayawada,Temple Festival Experience,3
Vijayawada,Cultural Show Vijayawada,2

Visakhapatnam,RK Beach,3
Visakhapatnam,Kailasagiri,2
Visakhapatnam,Borra Caves,4
Visakhapatnam,Araku Valley,5
Visakhapatnam,Submarine Museum,2
Visakhapatnam,INS Kursura Museum,2
Visakhapatnam,Yarada Beach,3
Visakhapatnam,Dolphin Nose,2
Visakhapatnam,Simhachalam Temple,2
Visakhapatnam,Local Market Vizag,2
Visakhapatnam,Street Food Tour Vizag,3
Visakhapatnam,Heritage Walk Vizag,3
Visakhapatnam,Photography Walk Vizag,2
Visakhapatnam,Temple Trail Vizag,3
Visakhapatnam,Local Cafe Exploration,2
Visakhapatnam,Night Walk Vizag,2
Visakhapatnam,Shopping Market Walk,2
Visakhapatnam,Cultural Experience Vizag,2
Visakhapatnam,Adventure Activities Vizag,3
Visakhapatnam,Sunset View Vizag,2
Visakhapatnam,Sunrise View Vizag,2
Visakhapatnam,Nature Walk Vizag,3
Visakhapatnam,Relaxation Beach Time,3
Visakhapatnam,Boat Ride Vizag,2
Visakhapatnam,Art Gallery Visit,2
Visakhapatnam,Handicraft Market Tour,2
Visakhapatnam,Local Village Visit,3
Visakhapatnam,Picnic Spot Vizag,3
Visakhapatnam,Scenic View Point Vizag,2
Visakhapatnam,Water Sports Activities,3Mussoorie,Kempty Falls,3
Mussoorie,Gun Hill,2
Mussoorie,Camel’s Back Road,2
Mussoorie,Lal Tibba,2
Mussoorie,Mussoorie Lake,2
Mussoorie,Mall Road Mussoorie,2
Mussoorie,Cloud’s End,3
Mussoorie,Company Garden,2
Mussoorie,George Everest House,3
Mussoorie,Bhatta Falls,2
Mussoorie,Jharipani Falls,2
Mussoorie,Mossy Falls,2
Mussoorie,Happy Valley,2
Mussoorie,Christ Church Mussoorie,1
Mussoorie,Local Market Mussoorie,2
Mussoorie,Street Food Tour Mussoorie,3
Mussoorie,Heritage Walk Mussoorie,3
Mussoorie,Photography Walk Mussoorie,2
Mussoorie,Temple Trail Mussoorie,3
Mussoorie,Local Cafe Exploration,2
Mussoorie,Night Walk Mussoorie,2
Mussoorie,Adventure Activities Mussoorie,3
Mussoorie,Cultural Experience Mussoorie,2
Mussoorie,Sunset Point Mussoorie,2
Mussoorie,Sunrise View Mussoorie,2
Mussoorie,Nature Walk Mussoorie,3
Mussoorie,Relaxation Hill View,3
Mussoorie,Camping Experience Mussoorie,4
Mussoorie,Picnic Spot Mussoorie,3
Mussoorie,Scenic View Point Mussoorie,2

Mysore,Mysore Palace,3
Mysore,Chamundi Hill Temple,2
Mysore,Brindavan Gardens,3
Mysore,St Philomena Church,2
Mysore,Zoo Mysore,3
Mysore,Railway Museum Mysore,2
Mysore,Jaganmohan Palace,2
Mysore,Karanji Lake,2
Mysore,Lalitha Mahal Palace,2
Mysore,Srirangapatna,3
Mysore,Ranganathittu Bird Sanctuary,3
Mysore,GRS Fantasy Park,3
Mysore,Mysore Sand Sculpture Museum,2
Mysore,Local Market Mysore,2
Mysore,Street Food Tour Mysore,3
Mysore,Heritage Walk Mysore,3
Mysore,Photography Walk Mysore,2
Mysore,Temple Trail Mysore,3
Mysore,Local Cafe Exploration,2
Mysore,Night Walk Mysore,2
Mysore,Shopping Market Walk,2
Mysore,Cultural Experience Mysore,2
Mysore,Adventure Activities Mysore,3
Mysore,Sunset View Mysore,2
Mysore,Nature Walk Mysore,3
Mysore,Relaxation Park Visit,2
Mysore,Handicraft Market Tour,2
Mysore,Art Gallery Visit,2
Mysore,Local Village Visit,3
Mysore,Scenic View Point Mysore,2

Nainital,Naini Lake,3
Nainital,Naina Devi Temple,2
Nainital,Snow View Point,2
Nainital,Tiffin Top,3
Nainital,The Mall Road Nainital,2
Nainital,Governor’s House,2
Nainital,High Altitude Zoo,3
Nainital,Boat Ride Naini Lake,2
Nainital,Eco Cave Gardens,2
Nainital,Lover’s Point,2
Nainital,Land’s End,2
Nainital,Kilbury Bird Sanctuary,3
Nainital,Bhimtal Lake,3
Nainital,Sattal Lake,3
Nainital,Naukuchiatal Lake,3
Nainital,Local Market Nainital,2
Nainital,Street Food Tour Nainital,3
Nainital,Heritage Walk Nainital,3
Nainital,Photography Walk Nainital,2
Nainital,Temple Trail Nainital,3
Nainital,Local Cafe Exploration,2
Nainital,Night Walk Nainital,2
Nainital,Adventure Activities Nainital,3
Nainital,Cultural Experience Nainital,2
Nainital,Sunset View Nainital,2
Nainital,Sunrise View Nainital,2
Nainital,Nature Walk Nainital,3
Nainital,Camping Experience Nainital,4
Nainital,Picnic Spot Nainital,3
Nainital,Scenic View Point Nainital,2

Ooty,Botanical Gardens Ooty,3
Ooty,Ooty Lake,3
Ooty,Doddabetta Peak,3
Ooty,Rose Garden Ooty,2
Ooty,Pykara Lake,3
Ooty,Pykara Falls,2
Ooty,Nilgiri Mountain Railway,4
Ooty,Tea Factory Ooty,2
Ooty,Avalanche Lake,4
Ooty,Emerald Lake,3
Ooty,St Stephen Church,1
Ooty,Wax Museum Ooty,2
Ooty,Thread Garden,2
Ooty,Local Market Ooty,2
Ooty,Street Food Tour Ooty,3
Ooty,Heritage Walk Ooty,3
Ooty,Photography Walk Ooty,2
Ooty,Temple Trail Ooty,3
Ooty,Local Cafe Exploration,2
Ooty,Night Walk Ooty,2
Ooty,Adventure Activities Ooty,3
Ooty,Cultural Experience Ooty,2
Ooty,Sunset View Ooty,2
Ooty,Sunrise View Ooty,2
Ooty,Nature Walk Ooty,3
Ooty,Camping Experience Ooty,4
Ooty,Picnic Spot Ooty,3
Ooty,Scenic View Point Ooty,2
Ooty,Forest Exploration Ooty,3
Ooty,Relaxation Hill View,3

Patna,Golghar,2
Patna,Patna Museum,2
Patna,Bihar Museum,2
Patna,Mahatma Gandhi Setu View,2
Patna,Takht Sri Patna Sahib,2
Patna,Kumhrar Park,2
Patna,Sanjay Gandhi Biological Park,3
Patna,Gandhi Maidan,2
Patna,Agam Kuan,1
Patna,Funtasia Water Park,3
Patna,Local Market Patna,2
Patna,Street Food Tour Patna,3
Patna,Heritage Walk Patna,3
Patna,Photography Walk Patna,2
Patna,Temple Trail Patna,3
Patna,Local Cafe Exploration,2
Patna,Night Walk Patna,2
Patna,Shopping Market Walk,2
Patna,Cultural Experience Patna,2
Patna,Adventure Activities Patna,3
Patna,Sunset View Patna,2
Patna,Sunrise View Patna,2
Patna,Nature Walk Patna,3
Patna,Relaxation Park Visit,2
Patna,Boat Ride Ganga River,3
Patna,Art Gallery Visit,2
Patna,Handicraft Market Tour,2
Patna,Local Village Visit,3
Patna,Picnic Spot Patna,3
Patna,Scenic View Point Patna,2

Pondicherry,Promenade Beach,3
Pondicherry,Auroville,3
Pondicherry,Sri Aurobindo Ashram,2
Pondicherry,Paradise Beach,3
Pondicherry,Serenity Beach,3
Pondicherry,Rock Beach,2
Pondicherry,French Quarter,3
Pondicherry,Chunnambar Boat House,3
Pondicherry,Botanical Garden Pondicherry,2
Pondicherry,Light and Sound Show,2
Pondicherry,Local Market Pondicherry,2
Pondicherry,Street Food Tour Pondicherry,3
Pondicherry,Heritage Walk Pondicherry,3
Pondicherry,Photography Walk Pondicherry,2
Pondicherry,Temple Trail Pondicherry,3
Pondicherry,Local Cafe Exploration,2
Pondicherry,Night Walk Pondicherry,2
Pondicherry,Shopping Market Walk,2
Pondicherry,Cultural Experience Pondicherry,2
Pondicherry,Adventure Activities Pondicherry,3
Pondicherry,Sunset View Pondicherry,2
Pondicherry,Sunrise View Pondicherry,2
Pondicherry,Nature Walk Pondicherry,3
Pondicherry,Relaxation Beach Time,3
Pondicherry,Boat Ride Pondicherry,2
Pondicherry,Art Gallery Visit,2
Pondicherry,Handicraft Market Tour,2
Pondicherry,Local Village Visit,3
Pondicherry,Picnic Spot Pondicherry,3
Pondicherry,Scenic View Point Pondicherry,2

Pune,Shaniwar Wada,2
Pune,Aga Khan Palace,2
Pune,Sinhagad Fort,3
Pune,Dagadusheth Ganpati Temple,1
Pune,Pataleshwar Cave Temple,1
Pune,Rajiv Gandhi Zoo,3
Pune,Osho Ashram,2
Pune,Parvati Hill,2
Pune,Khadakwasla Dam,3
Pune,Phoenix Marketcity,2
Pune,Local Market Pune,2
Pune,Street Food Tour Pune,3
Pune,Heritage Walk Pune,3
Pune,Photography Walk Pune,2
Pune,Temple Trail Pune,3
Pune,Local Cafe Exploration,2
Pune,Night Walk Pune,2
Pune,Shopping Market Walk,2
Pune,Cultural Experience Pune,2
Pune,Adventure Activities Pune,3
Pune,Sunset View Pune,2
Pune,Sunrise View Pune,2
Pune,Nature Walk Pune,3
Pune,Camping Experience Pune,4
Pune,Picnic Spot Pune,3
Pune,Art Gallery Visit,2
Pune,Handicraft Market Tour,2
Pune,Local Village Visit,3
Pune,Scenic View Point Pune,2
Pune,Relaxation Park Visit,2

Rishikesh,Laxman Jhula,2
Rishikesh,Ram Jhula,2
Rishikesh,Triveni Ghat,2
Rishikesh,Neelkanth Mahadev Temple,3
Rishikesh,Parmarth Niketan Ashram,2
Rishikesh,Beatles Ashram,2
Rishikesh,River Rafting,4
Rishikesh,Bungee Jumping,3
Rishikesh,Camping Rishikesh,4
Rishikesh,Waterfall Trek Rishikesh,3
Rishikesh,Local Market Rishikesh,2
Rishikesh,Street Food Tour Rishikesh,3
Rishikesh,Heritage Walk Rishikesh,3
Rishikesh,Photography Walk Rishikesh,2
Rishikesh,Temple Trail Rishikesh,3
Rishikesh,Local Cafe Exploration,2
Rishikesh,Night Walk Rishikesh,2
Rishikesh,Shopping Market Walk,2
Rishikesh,Cultural Experience Rishikesh,2
Rishikesh,Adventure Activities Rishikesh,4
Rishikesh,Sunset View Rishikesh,2
Rishikesh,Sunrise View Rishikesh,2
Rishikesh,Nature Walk Rishikesh,3
Rishikesh,Relaxation Riverside Time,3
Rishikesh,Boat Ride Ganga,2
Rishikesh,Yoga Session,2
Rishikesh,Meditation Retreat,3
Rishikesh,Picnic Spot Rishikesh,3
Rishikesh,Scenic View Point Rishikesh,2
Rishikesh,Forest Exploration Rishikesh,3

Shimla,The Ridge,2
Shimla,Mall Road Shimla,2
Shimla,Jakhoo Temple,2
Shimla,Kufri,3
Shimla,Christ Church Shimla,1
Shimla,Green Valley,2
Shimla,Toy Train Ride,4
Shimla,Indian Institute of Advanced Study,2
Shimla,Annandale,2
Shimla,Chadwick Falls,2
Shimla,Local Market Shimla,2
Shimla,Street Food Tour Shimla,3
Shimla,Heritage Walk Shimla,3
Shimla,Photography Walk Shimla,2
Shimla,Temple Trail Shimla,3
Shimla,Local Cafe Exploration,2
Shimla,Night Walk Shimla,2
Shimla,Shopping Market Walk,2
Shimla,Cultural Experience Shimla,2
Shimla,Adventure Activities Shimla,3
Shimla,Sunset View Shimla,2
Shimla,Sunrise View Shimla,2
Shimla,Nature Walk Shimla,3
Shimla,Camping Experience Shimla,4
Shimla,Picnic Spot Shimla,3
Shimla,Scenic View Point Shimla,2
Shimla,Forest Exploration Shimla,3
Shimla,Relaxation Hill View,3
Shimla,Local Village Visit,3
Shimla,Art Gallery Visit,2

Srinagar,Dal Lake,3
Srinagar,Shikara Ride,2
Srinagar,Mughal Gardens,3
Srinagar,Shankaracharya Temple,2
Srinagar,Nishat Bagh,2
Srinagar,Shalimar Bagh,2
Srinagar,Hazratbal Shrine,2
Srinagar,Pari Mahal,2
Srinagar,Indira Gandhi Memorial Tulip Garden,3
Srinagar,Local Market Srinagar,2
Srinagar,Street Food Tour Srinagar,3
Srinagar,Heritage Walk Srinagar,3
Srinagar,Photography Walk Srinagar,2
Srinagar,Temple Trail Srinagar,3
Srinagar,Local Cafe Exploration,2
Srinagar,Night Walk Srinagar,2
Srinagar,Shopping Market Walk,2
Srinagar,Cultural Experience Srinagar,2
Srinagar,Adventure Activities Srinagar,3
Srinagar,Sunset View Srinagar,2
Srinagar,Sunrise View Srinagar,2
Srinagar,Nature Walk Srinagar,3
Srinagar,Relaxation Lake View,3
Srinagar,Boat Ride Dal Lake,2
Srinagar,Gulmarg Day Trip,5
Srinagar,Pahalgam Day Trip,5
Srinagar,Sonmarg Day Trip,5
Srinagar,Handicraft Market Tour,2
Srinagar,Local Village Visit,3
Srinagar,Scenic View Point Srinagar,2

Surat,Dumas Beach,3
Surat,Science Centre Surat,2
Surat,Sarthana Nature Park,3
Surat,Dutch Garden,2
Surat,Ambika Niketan Temple,2
Surat,ISKCON Temple Surat,1
Surat,VR Mall Surat,2
Surat,Local Market Surat,2
Surat,Street Food Tour Surat,3
Surat,Heritage Walk Surat,3
Surat,Photography Walk Surat,2
Surat,Temple Trail Surat,3
Surat,Local Cafe Exploration,2
Surat,Night Walk Surat,2
Surat,Shopping Market Walk,2
Surat,Cultural Experience Surat,2
Surat,Adventure Activities Surat,3
Surat,Sunset View Surat,2
Surat,Sunrise View Surat,2
Surat,Nature Walk Surat,3
Surat,Relaxation Park Visit,2
Surat,Boat Ride Tapi River,2
Surat,Art Gallery Visit,2
Surat,Handicraft Market Tour,2
Surat,Local Village Visit,3
Surat,Picnic Spot Surat,3
Surat,Scenic View Point Surat,2
Surat,Food Street Exploration,3
Surat,City View Walk,2
Surat,Riverfront Walk Surat,2

Tirupati,Tirumala Temple,4
Tirupati,Sri Kapileswara Swamy Temple,2
Tirupati,Akasa Ganga,2
Tirupati,Silathoranam,2
Tirupati,Chandragiri Fort,3
Tirupati,Deer Park Tirupati,2
Tirupati,ISKCON Temple Tirupati,2
Tirupati,Sri Venkateswara Museum,2
Tirupati,Local Market Tirupati,2
Tirupati,Street Food Tour Tirupati,3
Tirupati,Heritage Walk Tirupati,3
Tirupati,Photography Walk Tirupati,2
Tirupati,Temple Trail Tirupati,4
Tirupati,Local Cafe Exploration,2
Tirupati,Night Walk Tirupati,2
Tirupati,Shopping Market Walk,2
Tirupati,Cultural Experience Tirupati,2
Tirupati,Adventure Activities Tirupati,3
Tirupati,Sunset View Tirupati,2
Tirupati,Sunrise View Tirupati,2
Tirupati,Nature Walk Tirupati,3
Tirupati,Relaxation Hill View,3
Tirupati,Boat Ride Tirupati Area,2
Tirupati,Art Gallery Visit,2
Tirupati,Handicraft Market Tour,2
Tirupati,Local Village Visit,3
Tirupati,Picnic Spot Tirupati,3
Tirupati,Scenic View Point Tirupati,2
Tirupati,Forest Exploration Tirupati,3
Tirupati,Spiritual Experience Tour,4

Udaipur,City Palace Udaipur,3
Udaipur,Lake Pichola,3
Udaipur,Jag Mandir,2
Udaipur,Fateh Sagar Lake,2
Udaipur,Sajjangarh Palace,3
Udaipur,Saheliyon Ki Bari,2
Udaipur,Bagore Ki Haveli,2
Udaipur,Jagadish Temple,1
Udaipur,Local Market Udaipur,2
Udaipur,Street Food Tour Udaipur,3
Udaipur,Heritage Walk Udaipur,3
Udaipur,Photography Walk Udaipur,2
Udaipur,Temple Trail Udaipur,3
Udaipur,Local Cafe Exploration,2
Udaipur,Night Walk Udaipur,2
Udaipur,Shopping Market Walk,2
Udaipur,Cultural Experience Udaipur,2
Udaipur,Adventure Activities Udaipur,3
Udaipur,Sunset View Udaipur,2
Udaipur,Sunrise View Udaipur,2
Udaipur,Nature Walk Udaipur,3
Udaipur,Boat Ride Lake Pichola,2
Udaipur,Art Gallery Visit,2
Udaipur,Handicraft Market Tour,2
Udaipur,Local Village Visit,3
Udaipur,Picnic Spot Udaipur,3
Udaipur,Scenic View Point Udaipur,2
Udaipur,Palace Cultural Show,2
Udaipur,City View Walk,2
Udaipur,Relaxation Lake View,3

Varanasi,Kashi Vishwanath Temple,2
Varanasi,Dashashwamedh Ghat,2
Varanasi,Assi Ghat,2
Varanasi,Sarnath,3
Varanasi,Ganga Aarti,2
Varanasi,BHU Campus,2
Varanasi,Ramnagar Fort,2
Varanasi,Tulsi Manas Temple,1
Varanasi,Durga Temple,1
Varanasi,Local Market Varanasi,2
Varanasi,Street Food Tour Varanasi,3
Varanasi,Heritage Walk Varanasi,3
Varanasi,Photography Walk Varanasi,2
Varanasi,Temple Trail Varanasi,3
Varanasi,Local Cafe Exploration,2
Varanasi,Night Walk Varanasi,2
Varanasi,Shopping Market Walk,2
Varanasi,Cultural Experience Varanasi,2
Varanasi,Boat Ride Ganga,2
Varanasi,Sunrise Boat Tour,2
Varanasi,Sunset Ghat View,2
Varanasi,Nature Walk Varanasi,3
Varanasi,Art Gallery Visit,2
Varanasi,Handicraft Market Tour,2
Varanasi,Local Village Visit,3
Varanasi,Picnic Spot Varanasi,3
Varanasi,Scenic View Point Varanasi,2
Varanasi,Spiritual Experience Tour,4
Varanasi,Music and Culture Experience,2
Varanasi,Traditional Workshop Visit,2

Vijayawada,Kanaka Durga Temple,2
Vijayawada,Prakasam Barrage,2
Vijayawada,Bhavanipuram,2
Vijayawada,Undavalli Caves,3
Vijayawada,Mogalarajapuram Caves,2
Vijayawada,Victoria Museum,2
Vijayawada,Local Market Vijayawada,2
Vijayawada,Street Food Tour Vijayawada,3
Vijayawada,Heritage Walk Vijayawada,3
Vijayawada,Photography Walk Vijayawada,2
Vijayawada,Temple Trail Vijayawada,3
Vijayawada,Local Cafe Exploration,2
Vijayawada,Night Walk Vijayawada,2
Vijayawada,Shopping Market Walk,2
Vijayawada,Cultural Experience Vijayawada,2
Vijayawada,Adventure Activities Vijayawada,3
Vijayawada,Sunset View Vijayawada,2
Vijayawada,Sunrise View Vijayawada,2
Vijayawada,Nature Walk Vijayawada,3
Vijayawada,Relaxation Park Visit,2
Vijayawada,Boat Ride Krishna River,2
Vijayawada,Art Gallery Visit,2
Vijayawada,Handicraft Market Tour,2
Vijayawada,Local Village Visit,3
Vijayawada,Picnic Spot Vijayawada,3
Vijayawada,Scenic View Point Vijayawada,2
Vijayawada,City View Walk Vijayawada,2
Vijayawada,Riverfront Walk Vijayawada,2
Vijayawada,Temple Festival Experience,3
Vijayawada,Cultural Show Vijayawada,2

Visakhapatnam,RK Beach,3
Visakhapatnam,Kailasagiri,2
Visakhapatnam,Borra Caves,4
Visakhapatnam,Araku Valley,5
Visakhapatnam,Submarine Museum,2
Visakhapatnam,INS Kursura Museum,2
Visakhapatnam,Yarada Beach,3
Visakhapatnam,Dolphin Nose,2
Visakhapatnam,Simhachalam Temple,2
Visakhapatnam,Local Market Vizag,2
Visakhapatnam,Street Food Tour Vizag,3
Visakhapatnam,Heritage Walk Vizag,3
Visakhapatnam,Photography Walk Vizag,2
Visakhapatnam,Temple Trail Vizag,3
Visakhapatnam,Local Cafe Exploration,2
Visakhapatnam,Night Walk Vizag,2
Visakhapatnam,Shopping Market Walk,2
Visakhapatnam,Cultural Experience Vizag,2
Visakhapatnam,Adventure Activities Vizag,3
Visakhapatnam,Sunset View Vizag,2
Visakhapatnam,Sunrise View Vizag,2
Visakhapatnam,Nature Walk Vizag,3
Visakhapatnam,Relaxation Beach Time,3
Visakhapatnam,Boat Ride Vizag,2
Visakhapatnam,Art Gallery Visit,2
Visakhapatnam,Handicraft Market Tour,2
Visakhapatnam,Local Village Visit,3
Visakhapatnam,Picnic Spot Vizag,3
Visakhapatnam,Scenic View Point Vizag,2
Visakhapatnam,Water Sports Activities,3